{"cameraMode":{"drawMode":2,"name":"Shaded Wireframe","section":"Shading Mode"},"sceneLighting":true,"audioPlay":false,"sceneViewState":{"showFog":true,"showMaterialUpdate":false,"showSkybox":true,"showFlares":true,"showImageEffects":true,"showParticleSystems":true},"in2DMode":false,"pivot":{"x":10.790679931640625,"y":-5.587647438049316,"z":0.8101535439491272},"rotation":{"x":-0.174571231007576,"y":-0.6992043852806091,"z":0.1824960559606552,"w":-0.6688410043716431},"size":18.194374084472658,"orthographic":false}