{"cameraMode":{"drawMode":2,"name":"Shaded Wireframe","section":"Shading Mode"},"sceneLighting":true,"audioPlay":false,"sceneViewState":{"showFog":true,"showMaterialUpdate":false,"showSkybox":true,"showFlares":true,"showImageEffects":true,"showParticleSystems":true},"in2DMode":false,"pivot":{"x":2.7652688026428224,"y":2.35382342338562,"z":-1.5648088455200196},"rotation":{"x":-0.08943213522434235,"y":-0.6166146397590637,"z":0.07079443335533142,"w":-0.7789638042449951},"size":10.539981842041016,"orthographic":false}